time,radial_alignment,rms_bead_displacement,stretch_energy,bend_energy,max_bead_speed
0.0,0.3097387430635709,0.0,0.0,1.2807156796263126e-29,0.0
0.04,0.3097575125344639,2.934479855991381e-05,3.4400627898679565e-08,1.357747857311533e-09,0.0036993533027363515
0.08,0.30981826828468995,0.00012371079384061566,5.792222620422223e-07,2.363109111466693e-08,0.007809018379713013
0.12,0.30992141759189207,0.0002828285628125587,2.873284333268438e-06,1.2117161097505455e-07,0.011918129546883966
0.16,0.31006733363963856,0.0005064647539282518,8.759013480138249e-06,3.8179541722761696e-07,0.016026940344707537
0.2,0.3102563623236826,0.0007944167363398994,2.0518837334403815e-05,9.243324296694671e-07,0.02013573425354453
0.24,0.31048882810815526,0.0011465082348264906,4.075121516753082e-05,1.8968999779046086e-06,0.024244819947705158
0.28,0.3107650390524954,0.0015625857433000682,7.227622121932329e-05,3.475696495805735e-06,0.0283545271293557
0.32,0.3110852911198684,0.002042515558216421,0.00011806330832166106,5.864172861191967e-06,0.03246520284556251
0.36,0.3114498718658385,0.0025861813089611365,0.00018117581467682085,9.292480935872815e-06,0.03657720820624381
0.4,0.3118590635937593,0.003193481889062193,0.0002647281738322696,1.4017127871870432e-05,0.040690915433697135
0.44,0.3123131460516373,0.0038643297124051424,0.0003718528064413569,2.032078502370035e-05,0.04480670518547119
0.48,0.31281239873453764,0.004598649234207095,0.0005056744211792786,2.851221460257493e-05,0.048924964101691046
0.52,0.3133571028470879,0.005396375688566126,0.0006692900067824799,3.892628735754487e-05,0.05304608253572373
0.56,0.31394754297233735,0.006257454003803467,0.0008657532107637346,5.192407180900235e-05,0.05717045243348205
0.6,0.3145840084860361,0.007181837864200395,0.0010980621107611053,6.789298074209686e-05,0.06129846533193684
0.64,0.3152667947492539,0.008169488892567911,0.0013691496188436183,8.724696438119076e-05,0.06543051045172325
0.68,0.3159962041069882,0.009220375932721766,0.001681875937080319,0.00011042674232502403,0.06956697286227799
0.72,0.3167725467159539,0.010334474414642664,0.002039022618606507,0.00013790006821821517,0.07370823170084687
0.76,0.317596141220934,0.011511765788076642,0.0024432878928005233,0.00017016202247464054,0.07785465842910702
0.8,0.31846731529584743,0.01275223701272985,0.002897282993782868,0.00020773532930102998,0.08200661511312549
0.84,0.3193672713445784,0.014026580441477329,0.0033822850282946384,0.0002500289978227167,0.08245130519777841
0.88,0.3202725187664822,0.015299115651860153,0.0038706625106700483,0.0002958317883885349,0.08248502690398844
0.92,0.32118272647548834,0.01657003589214486,0.004359017896945068,0.00034511659994767663,0.08251994294511839
0.96,0.3220976015059687,0.017839513612818804,0.004844712249950111,0.0003978667046254407,0.08255588984344066
1.0,0.32301688400867956,0.01910770209528012,0.0053257006471324995,0.00045407301386438657,0.08259272173675562
1.04,0.32394034290312834,0.020374737399868705,0.005800405538996616,0.0005137320703542571,0.08263030781066828
1.08,0.32486777211183804,0.021640740314505674,0.006267618657349303,0.0005768445635483285,0.0826685301533812
1.12,0.3257989873046386,0.022905818169077538,0.0067264245761306084,0.0006434142263065673,0.08270728196172444
1.16,0.3267338230865095,0.024170066466911666,0.007176140814449666,0.0007134470110394238,0.08274646603785323
1.2,0.3276721305691077,0.025433570325009876,0.007616270662605456,0.0007869504721208073,0.08278599352598581
1.24,0.32861377527299146,0.02669640573286376,0.00804646585461266,0.000863933301354117,0.08282578284731004
1.28,0.3295586353142213,0.027958640646998417,0.008466496905341552,0.0009444049775409908,0.08286575879865611
1.32,0.33050659983518504,0.029220335940427705,0.008876229446289064,0.0010283755014629304,0.08290585178677093
1.36,0.33145756764503886,0.030481546225747454,0.009275605280038167,0.0011158551950251538,0.0829459971751706
1.4000000000000001,0.33241144604006495,0.0317423205690389,0.009664627164282569,0.0012068545487426397,0.0829861347247562
1.44,0.33336814977852286,0.03300270310982526,0.01004334655682859,0.0013013841057368616,0.0830262081128
1.48,0.33432760018827157,0.03426273360035348,0.010411853721189798,0.001399454373359683,0.08306616451767747
1.52,0.3352897243886133,0.03552244787563516,0.010770269721486396,0.001501075755747377,0.08310595425898779
1.56,0.3362544546105306,0.03678187826403036,0.01111873993490622,0.0016062585022421636,0.08314553048450216
1.6,0.33722172760180347,0.038041053946720756,0.011457428787238216,0.0017150126678410482,0.08318484889688527
1.6400000000000001,0.3381914841054648,0.03930000127317649,0.011786515477148431,0.001827348082752948,0.08322386751431499
1.68,0.33916366840172635,0.04055874403866554,0.012106190502032271,0.001943274328840785,0.08326254646012342
1.72,0.34013822790493425,0.04181730372895393,0.012416652835345566,0.002062800721251839,0.08330084777736638
1.76,0.3411151128083181,0.043075699736588695,0.012718107634633722,0.002185936293941139,0.08333873526489548
1.8,0.3420942757703266,0.04433394955250943,0.01301076438272843,0.002312689788098197,0.08337617433204525
1.84,0.3430756716372177,0.04559206893619555,0.013294835383116934,0.002443069642720967,0.08341313186948594
1.8800000000000001,0.34405925719731034,0.04685007206709368,0.013570534545301997,0.002577083986760049,0.08344957613416874
1.92,0.3450449909629424,0.04810797167968599,0.013838076407875596,0.0027147406323943545,0.08348547664659539
1.96,0.34603283297671505,0.04936577918422555,0.014097675356609794,0.0028560470691039613,0.08352080409889645
2.0,0.3470227446390719,0.0506235047748917,0.014349545002612554,0.003001010458288935,0.08355553027241946
2.04,0.34801468855464773,0.0518811575268764,0.014593897691879546,0.003149637628244332,0.08358962796371097
2.08,0.3490086283951628,0.05313874548371138,0.014830944122682457,0.003301935069350538,0.08362307091791973
2.12,0.3500045287769335,0.05439627573597485,0.015060893051397963,0.0034579089293759946,0.08365583376878995
2.16,0.3510023551513115,0.05565375449236577,0.015283951070783475,0.003617565008817204,0.08368789198450646
2.2,0.352002073706585,0.05691118714400897,0.015500322447506895,0.0037809087562234575,0.08371922181876444
2.24,0.3530036512800531,0.05816857832274466,0.015710209008020497,0.00394794526347118,0.08374980026649956
2.2800000000000002,0.35400705527915305,0.05942593195406204,0.01591381006376958,0.004118679260964873,0.08377960502379679
2.32,0.3550122536106519,0.06068325130525553,0.016111322368269447,0.004293115112752756,0.08380861445154111
2.36,0.3560192146170362,0.061940539029312486,0.01630294009988482,0.004471256811551484,0.08383680754243823
2.4,0.3570279070193358,0.06319779720497982,0.016488854865199697,0.004653107973680801,0.08386416389106481
2.44,0.3580382998657129,0.06445502737340558,0.01666925571875809,0.004838671833913637,0.08389066366665454
2.48,0.35905036248521843,0.06571223057170382,0.01684432919567711,0.005027951240248476,0.08391628758835358
2.52,0.3600640644461937,0.06696940736375229,0.017014259354255795,0.0052209486486152245,0.0839410169027122
2.56,0.3610793755188522,0.06822655786849693,0.017179227826189438,0.005417666117525596,0.08396483336320193
2.6,0.36209626564162867,0.06948368178600799,0.01733941387243874,0.005618105302681367,0.08398771921156932
2.64,0.3631147048909288,0.07074077842150286,0.017494994443138463,0.005822267451553327,0.08400965716086026
2.68,0.3641346634539534,0.07199784670753019,0.017646144240228045,0.006030153397945011,0.08403063037996338
2.72,0.36515611160430933,0.0732548852244877,0.017793035781722734,0.006241763556555105,0.0840506224795341
2.7600000000000002,0.3661790196801433,0.07451189221962759,0.017935839466753818,0.0064570979175515185,0.08406961749917846
2.8000000000000003,0.3672033580645704,0.07576886562468758,0.018074723640659623,0.006676156041171733,0.0840875998957872
2.84,0.3682290971681889,0.0770258030722728,0.018209854659566493,0.006898937052361423,0.0841045545329161
2.88,0.36925620741349546,0.07828270191109832,0.01834139695399184,0.0071254396354652055,0.08412046667112513
2.92,0.3702846592210324,0.07953955922019317,0.018469513091117485,0.007355662028980921,0.0841353219591924
2.96,0.3713144229971209,0.08079637182215588,0.018594363835446662,0.007589602020390713,0.0841491064261265
3.0,0.3723454691230401,0.08205313629554344,0.01871610820763055,0.007827256941078603,0.08416180647391096
3.04,0.3733777679455342,0.0833098489864664,0.018834903541299183,0.008068623661347373,0.08417340887091701
3.08,0.374411289768536,0.08456650601945678,0.018950905537778978,0.008313698585543938,0.08418390074592698
3.12,0.3754460048460075,0.08582310330766925,0.01906426831861509,0.00856247764730396,0.08419326958271693
3.16,0.37648188337580757,0.08707963656246966,0.019175144475841413,0.008814956304925096,0.08420150321515042
3.2,0.37751889549450623,0.08833610130246135,0.01928368511997764,0.00907112953687812,0.08420858982273828
3.24,0.3785570112730681,0.08959249286199264,0.019390039925731514,0.009330991837464197,0.08421451792662579
3.2800000000000002,0.37959620071334305,0.09084880639918852,0.01949435717542491,0.009594537212627373,0.08421927638596634
3.3200000000000003,0.38063643374529826,0.09210503690354205,0.019596783800153835,0.009861759175929284,0.08422285439465117
3.36,0.3816776802249343,0.09336117920310003,0.019697465418711237,0.010132650744694027,0.08422524147836133
3.4,0.38271990993284316,0.09461722797127546,0.019796546374313474,0.010407204436330563,0.08422642749191211
3.44,0.38376309257334745,0.09587317773331214,0.01989416976916842,0.010685412264837981,0.08422640261686239
3.48,0.3848071977741899,0.09712902287243065,0.01999047749693152,0.010967265737502006,0.08422515735936581
3.52,0.3858521950867301,0.09838475763567742,0.020085610273102465,0.011252755851786795,0.08422268254823845
3.56,0.38689805398660704,0.09964037613949918,0.020179707663414995,0.011541873092429147,0.08421896933322055
3.6,0.3879447438748421,0.10089587237506291,0.02027290811026864,0.011834607428738937,0.08421400918341487
3.64,0.3889922340793479,0.10215124021334025,0.020365348957263135,0.012130948312112763,0.08420779388587839
3.68,0.39004049385681167,0.10340647340997201,0.020457166471890584,0.01243088467376322,0.08420031554435572
3.72,0.3910894923949342,0.10466156560992908,0.020548495866440007,0.012734404922670058,0.08419156657813118
3.7600000000000002,0.3921391988149915,0.10591651035198414,0.02063947131716575,0.013041496943755946,0.08418153972098967
3.8000000000000003,0.3931895821747046,0.10717130107300717,0.02073022598178644,0.013352148096291934,0.08417022802026945
3.84,0.39424061147138906,0.10842593111209615,0.020820892015354264,0.013666345212534825,0.08415762483599153
3.88,0.3952922556453692,0.10968039371455593,0.020911600584565627,0.013984074596600327,0.08414372384006007
3.92,0.39634448358363894,0.11093468203573376,0.021002481880552756,0.014305322023575413,0.08412851901551191
3.96,0.39739726412374693,0.11218878914472176,0.02109366513021432,0.014630072738871442,0.08411200465581471
4.0,0.3984505660578969,0.11344270802793549,0.02118527860614063,0.014958311457821566,0.08409417536419456
4.04,0.3995043581372428,0.11469643159257645,0.02127744963517623,0.015290022365523912,0.08407502605298928
4.08,0.400558609076366,0.1159499526699855,0.021370304605681435,0.015625189116932555,0.08405455194301667
4.12,0.40161328755792264,0.11720326401889529,0.021463968973528216,0.015963794837198415,0.08403274856294812
4.16,0.4026683622374464,0.11845635832858731,0.02155856726689195,0.016305822122261122,0.08400961174867971
4.2,0.40372380174829514,0.1197092282219595,0.02165422308987988,0.016651253039692244,0.08398513764269591
4.24,0.40477957470673126,0.12096186625851037,0.021751059125044533,0.017000069129792555,0.08395932269341677
4.28,0.4058356497171235,0.12221426493724499,0.021849197134828385,0.01735225140694271,0.08393216365452026
4.32,0.40689199537726095,0.12346641669950666,0.021948757961986077,0.01770778036120766,0.08390365758423839
4.36,0.4079485802837686,0.12471831393173886,0.022049861529028037,0.018066635960195976,0.08387380184461765
4.4,0.4090053730376161,0.12596994896818273,0.022152626836727786,0.01842879765117325,0.08384259410073978
4.44,0.4100623422497093,0.12722131409351214,0.022257171961741904,0.01879424436342928,0.08381003231989756
4.48,0.41111945654655846,0.12847240154541062,0.022363614053379034,0.01916295451089896,0.0837761147707206
4.5200000000000005,0.412176684576012,0.12972320351709415,0.022472069329562003,0.019534905995036184,0.08374084002224841
4.5600000000000005,0.4132339950130502,0.13097371215978035,0.022582653072027975,0.01991007620793879,0.08370420694294467
4.6000000000000005,0.41429135656563115,0.13222391958511046,0.022695479620801127,0.0202884420357251,0.08366621469965077
4.64,0.41534873798058014,0.1334738178675227,0.02281066236798336,0.020669979862158364,0.08362686275647228
4.68,0.4164061080495156,0.1347233990465829,0.022928313750899588,0.021054665572519848,0.0835861508736011
4.72,0.41746343561480886,0.1359726551292716,0.023048545244638244,0.021442474557726836,0.08354407910606285
4.76,0.41852068957556426,0.13722157809223165,0.023171467354024873,0.021833381718694214,0.08350064780239183
4.8,0.4195778388936194,0.1384701598839773,0.023297189605065906,0.022227361470937675,0.08345585760323171
4.84,0.42063485259955713,0.13971839242706638,0.023425820535900116,0.022624387749415144,0.08340970943985464
4.88,0.42169169979872234,0.14096626762023784,0.02355746768729658,0.023024434013604544,0.08336220453260294
4.92,0.4227483496772413,0.14221377734051507,0.023692237592732642,0.023427473252814572,0.08331334438924705
4.96,0.42380477150803186,0.1434609134452769,0.0238302357680866,0.023833477991725197,0.08326313080326214
5.0,0.4248609346568069,0.1447076677742975,0.02397156670098531,0.02424242029615508,0.08321156585201726
5.04,0.42591680858805936,0.14595403215175617,0.02411633383983317,0.02465427177905184,0.08315865189488215
5.08,0.42697236287102913,0.14719999838821782,0.024264639582563998,0.02506900360670197,0.08310439157124315
5.12,0.42802756718564194,0.14844555828258546,0.024416585265143786,0.02548658650515585,0.08304878779843529
5.16,0.42908239132841874,0.1496907036240251,0.024572271149858927,0.025906990766865104,0.08299184376958482
5.2,0.4301368052183501,0.1509354261938637,0.024731796413420878,0.026330186257525538,0.08293356295136368
5.24,0.431190778902732,0.15217971776746178,0.02489525913492123,0.026756142423124823,0.08287394908165518
5.28,0.4322442825629573,0.1534235701160602,0.02506275628366302,0.027184828297186738,0.0828130061671308
5.32,0.43329728652025934,0.1546669750086021,0.025234383706903153,0.027616212508209795,0.08275073848074008
5.36,0.43434976124140423,0.15590992421353028,0.02541023611753149,0.02805026328729433,0.08268715055911025
5.4,0.43540167734432755,0.15715240950056114,0.025590407081719606,0.02848694847595266,0.08262224719986033
5.44,0.43645300560371103,0.15839442264243464,0.025774989006561312,0.028926235534097813,0.08255603345882524
5.48,0.43750371695649576,0.1596359554166406,0.02596407312773805,0.029368091548205476,0.0824885146471971
5.5200000000000005,0.4385537825073307,0.1608769996071231,0.026157749497233422,0.02981248323964322,0.08241969632857814
5.5600000000000005,0.43960317353394923,0.16211754700596104,0.026356106971122166,0.03025937697316201,0.08234958431594946
5.6000000000000005,0.44065186149247254,0.16335758941502687,0.026559233197460133,0.030708738765543173,0.08227818466855844
5.64,0.4416998180226375,0.16459711864762241,0.026767214604297773,0.03116053429439683,0.08220550368872029
5.68,0.4427470149529449,0.16583612653009314,0.02698013638784394,0.03161472890710466,0.08213154791854212
5.72,0.44379342430572355,0.16707460490341944,0.027198082500802037,0.03207128762990009,0.0820563241365668
5.76,0.44483901830211225,0.1683125456247868,0.027421135640899298,0.03253017517708265,0.08197983935433709
5.8,0.4458837693669494,0.169549940569133,0.027649377239630926,0.032991355960356836,0.08190210081288604
5.84,0.4469276501335763,0.1707867816306742,0.027882887451245085,0.0334547940982923,0.08182311597915119
5.88,0.44797063344854565,0.17202306072440887,0.028121745141978367,0.03392045342589674,0.08174289254231892
5.92,0.44901269237623376,0.1732587697875991,0.02836602787957404,0.034388297504296096,0.08166143841009467
5.96,0.4500538002033554,0.1744939007812314,0.028615811923091684,0.03485828963051597,0.08157876170490815
6.0,0.4510939304433809,0.17572844569145418,0.02887117221302943,0.035330392847356694,0.081494870760051
6.04,0.45213305684084987,0.17696239653099372,0.02913218236177611,0.03580456995335648,0.08140977411574772
6.08,0.45317115337557956,0.178195745340548,0.029398914644409576,0.03628078351283472,0.08132348051517002
6.12,0.4542081942667711,0.17942848419015847,0.029671439989858977,0.03675899586601149,0.08123599890038835
6.16,0.4552441539770059,0.18066060518055949,0.029949827972439294,0.037239169139192854,0.08114733840826742
6.2,0.45627900721613507,0.18189210044450546,0.03023414680377455,0.03772126525501878,0.08105750836630465
6.24,0.457312728945057,0.1831229621480758,0.030524463325133436,0.038205245942764525,0.08096651828842252
6.28,0.4583452943793846,0.1843531824919571,0.030820843000170427,0.03869107274869063,0.0808743778707049
6.32,0.4593766789929988,0.1855827537127027,0.03112334990809974,0.039178707046433545,0.08078109698709211
6.36,0.46040685852148866,0.18681166808396985,0.031432046737306776,0.03966811004743092,0.08068668568502738
6.4,0.4614358089654765,0.18803991791773395,0.03174699477940685,0.04015924281137518,0.08059115418106601
6.44,0.4624635065938263,0.18926749556547995,0.0320682539237625,0.040652066256687346,0.0804945128564414
6.48,0.4634899279467356,0.1904943934193706,0.03239588265246607,0.04114654117100705,0.08039677225260132
6.5200000000000005,0.4645150498387107,0.1917206039133919,0.03272993803579983,0.04164262822168938,0.08029794306670536
6.5600000000000005,0.46553884936142265,0.19294611952447518,0.03307047572817208,0.04214028796630478,0.08019803614709435
6.6000000000000005,0.46656130388644484,0.1941709327735962,0.03341754996454464,0.04263948086313333,0.08009706248873387
6.640000000000001,0.46758239106787175,0.19539503622685034,0.03377121355735387,0.04314016728164816,0.07999503322863202
6.68,0.4686020888448187,0.19661842249650496,0.03413151789392622,0.043642307512982516,0.0798919596412333
6.72,0.46962037544380003,0.19784108424202781,0.034498512934401704,0.04414586178037173,0.079787853133799
6.76,0.4706372293809899,0.19906301417109243,0.03487224721015675,0.04465079024956704,0.07968272524176677
6.8,0.47165262946436237,0.20028420504055866,0.035252767822742496,0.04515705303921243,0.07957658762409851
6.84,0.4726665547957102,0.20150464965743112,0.03564012044333037,0.04566461023118106,0.07946945205862034
6.88,0.47367898477254694,0.20272434087979263,0.036034349312669356,0.04617342188086322,0.07936133043735102
6.92,0.4746898990898871,0.20394327161771403,0.0364354972415598,0.04668344802740114,0.07925223476183064
6.96,0.4756992777419086,0.20516143483414084,0.03684360561183821,0.04719464870386512,0.07914217713844336
7.0,0.47670710102349567,0.20637882354575482,0.03725871437787566,0.04770698394736447,0.07903116977374446
7.04,0.4777133495316641,0.20759543082381268,0.03768086206858927,0.04822041380908943,0.0789192249697872
7.08,0.47871800416686905,0.20881124979496024,0.03811008578996239,0.0487348983642768,0.07880635511946167
7.12,0.4797210461341958,0.2100262736420231,0.03854642122807604,0.04925039772209561,0.07869257270183985
7.16,0.4807224569444337,0.21124049560477232,0.038989902652641434,0.0497668720354463,0.07857789027753032
7.2,0.48172221841503543,0.21245390898066782,0.03944056292103934,0.05028428151067066,0.0784623204840538
7.24,0.48272031267096077,0.21366650712557603,0.03989843348285353,0.0508025864171651,0.07834587603122962
7.28,0.4837167221454075,0.21487828345446494,0.04036354438490229,0.051321747096893924,0.07822856969658537
7.32,0.48471142958043073,0.21608923144207473,0.04083592427675348,0.051841723973798944,0.07811041432078923
7.36,0.4857044180274478,0.21729934462356482,0.04131560041672955,0.052362477563098156,0.07799142280310321
7.4,0.48669567084763565,0.21850861659513657,0.0418025986783868,0.05288396848047288,0.07787160809686876
7.44,0.48768517171221815,0.2197170410146333,0.04229694355746551,0.05340615745113623,0.07775098320501851
7.48,0.48867290460264456,0.2209246116021153,0.0427986581793061,0.05392900531878001,0.07762956117562111
7.5200000000000005,0.48965885381066293,0.22213132214041265,0.043307764306723895,0.054452473054397064,0.07750735509745924
7.5600000000000005,0.4906430039382872,0.22333716647565374,0.04382428234833234,0.05497652176497358,0.07738437809564434
7.6000000000000005,0.4916253398976614,0.2245421385177707,0.04434823136730793,0.05550111270204969,0.07726064332727167
7.640000000000001,0.4926058469108213,0.22574623224098156,0.04487962909059069,0.0560262072701434,0.07713616397711205
7.68,0.4935845105093554,0.22694944168424908,0.04541849191851023,0.056551767035035574,0.07701095325334925
7.72,0.4945613165339659,0.2281517609517171,0.04596483493482642,0.0570777537319128,0.07688502438336234
7.76,0.4955362511339346,0.2293531842131234,0.04651867191717644,0.057604129273364925,0.07675839060955117
7.8,0.4965093007664896,0.23055370570419031,0.047080015347922256,0.05813085575723422,0.07663106518521319
7.84,0.49748045219608117,0.2317533197269925,0.04764887642538277,0.05865789547431465,0.0765030613704688
7.88,0.49844969249356325,0.23295202065030265,0.0482252650754442,0.059185210915897464,0.07637439242823842
7.92,0.49941700903528446,0.23414980290991427,0.04880918996354122,0.05971276478116166,0.07624507162027493
7.96,0.5003823895020917,0.23534666100894383,0.04940065850698728,0.06024051998440753,0.0761151122032469
8.0,0.5013458218782448,0.23654258951810916,0.0499996768876587,0.06076843966212921,0.07598452742488371
