condition,duration,failure_observed
fast,29.835,0
fast,29.912,0
fast,29.992,0
fast,29.963,0
fast,29.927,0
fast,29.941,0
fast,29.782,0
fast,29.997,0
fast,29.947,0
fast,29.945,0
fast,29.932,0
fast,29.935,0
fast,29.934,0
fast,29.988,0
fast,29.95,0
fast,29.992,0
fast,29.835,0
fast,29.806,0
fast,29.996,0
fast,29.952,0
fast,29.954,0
fast,29.784,0
fast,29.846,0
fast,29.888,0
fast,29.878,0
fast,29.851,0
fast,29.92,0
fast,29.995,0
fast,29.792,0
fast,29.984,0
fast,29.984,0
fast,29.947,0
fast,29.938,0
fast,29.95,0
fast,29.933,0
fast,29.929,0
fast,29.68,0
fast,29.78,0
fast,29.948,0
fast,29.939,0
fast,29.996,0
fast,29.895,0
fast,29.961,0
fast,29.968,0
fast,29.998,0
fast,29.903,0
fast,29.959,0
fast,29.912,0
fast,29.973,0
fast,29.863,0
fast,29.956,0
fast,29.931,0
fast,29.989,0
fast,29.989,0
fast,29.91,0
fast,29.787,0
fast,29.954,0
fast,29.921,0
fast,29.939,0
fast,29.918,0
fast,29.905,0
fast,29.925,0
fast,29.894,0
fast,29.977,0
fast,29.993,0
fast,29.913,0
fast,29.943,0
fast,29.993,0
fast,29.961,0
fast,29.762,0
fast,30.0,0
fast,29.958,0
fast,29.964,0
fast,29.94,0
fast,0.10299999999999998,1
fast,29.703,0
fast,29.891,0
fast,29.947,0
fast,29.968,0
fast,29.961,0
fast,29.923,0
fast,29.927,0
fast,29.968,0
fast,29.927,0
fast,29.986,0
fast,29.84,0
fast,29.921,0
fast,29.954,0
fast,29.97,0
fast,29.906,0
fast,29.958,0
fast,29.823,0
fast,29.94,0
fast,29.894,0
fast,29.967,0
fast,29.968,0
fast,29.848,0
fast,30.0,0
fast,29.809,0
fast,29.912,0
fast,29.854,0
fast,29.803,0
fast,29.935,0
fast,29.933,0
fast,29.906,0
fast,29.973,0
fast,29.975,0
fast,29.92,0
fast,29.987,0
fast,29.952,0
fast,29.862,0
fast,29.947,0
fast,29.994,0
fast,29.78,0
fast,29.965,0
fast,29.954,0
fast,29.799,0
fast,29.902,0
fast,29.91,0
fast,29.88,0
fast,29.96,0
fast,29.995,0
fast,29.965,0
fast,29.911,0
fast,29.977,0
fast,29.851,0
fast,29.977,0
fast,29.838,0
fast,29.982,0
fast,29.963,0
fast,29.976,0
fast,29.726,0
fast,29.99,0
fast,29.976,0
fast,29.96,0
fast,29.854,0
fast,29.952,0
fast,29.85,0
fast,29.9,0
fast,0.806,1
fast,29.048,0
fast,29.965,0
fast,29.988,0
fast,29.971,0
fast,29.969,0
fast,29.915,0
fast,30.0,0
fast,29.832,0
fast,29.987,0
fast,29.917,0
fast,29.994,0
fast,29.973,0
fast,29.992,0
fast,29.791,0
fast,29.936,0
fast,29.844,0
fast,29.898,0
fast,29.979,0
fast,29.995,0
fast,0.11500000000000002,1
fast,29.823,0
fast,29.986,0
fast,29.913,0
fast,29.996,0
fast,29.943,0
fast,29.875,0
fast,29.873,0
fast,29.993,0
fast,29.803,0
fast,29.991,0
fast,29.999,0
fast,29.838,0
fast,29.92,0
fast,29.917,0
fast,29.933,0
fast,29.992,0
fast,29.982,0
fast,29.827,0
fast,29.769,0
fast,29.968,0
fast,29.932,0
fast,29.928,0
fast,29.982,0
fast,29.88,0
fast,29.963,0
fast,29.782,0
fast,29.936,0
fast,29.908,0
fast,29.881,0
fast,29.998,0
fast,29.994,0
fast,29.865,0
fast,29.992,0
fast,29.966,0
fast,29.919,0
fast,29.954,0
fast,29.719,0
fast,29.98,0
fast,29.781,0
fast,29.938,0
fast,29.985,0
fast,29.991,0
fast,29.978,0
slow,29.835,0
slow,29.912,0
slow,29.992,0
slow,29.963,0
slow,29.927,0
slow,29.941,0
slow,29.782,0
slow,29.997,0
slow,29.947,0
slow,29.945,0
slow,29.932,0
slow,29.935,0
slow,29.934,0
slow,29.988,0
slow,29.95,0
slow,29.992,0
slow,29.835,0
slow,29.806,0
slow,29.996,0
slow,29.952,0
slow,29.954,0
slow,29.784,0
slow,29.846,0
slow,29.888,0
slow,29.878,0
slow,29.851,0
slow,29.92,0
slow,29.995,0
slow,29.792,0
slow,29.984,0
slow,29.984,0
slow,29.947,0
slow,29.938,0
slow,29.95,0
slow,29.933,0
slow,29.929,0
slow,29.68,0
slow,29.78,0
slow,29.948,0
slow,29.939,0
slow,29.996,0
slow,29.895,0
slow,29.961,0
slow,29.968,0
slow,29.998,0
slow,29.903,0
slow,29.959,0
slow,29.912,0
slow,29.973,0
slow,29.863,0
slow,29.956,0
slow,29.931,0
slow,29.989,0
slow,29.989,0
slow,29.91,0
slow,29.787,0
slow,29.954,0
slow,29.921,0
slow,29.939,0
slow,29.918,0
slow,29.905,0
slow,29.925,0
slow,29.894,0
slow,29.977,0
slow,29.993,0
slow,29.913,0
slow,29.943,0
slow,29.993,0
slow,29.961,0
slow,29.762,0
slow,30.0,0
slow,29.958,0
slow,29.964,0
slow,29.94,0
slow,0.10299999999999998,1
slow,29.703,0
slow,29.891,0
slow,29.947,0
slow,29.968,0
slow,29.961,0
slow,29.923,0
slow,29.927,0
slow,29.968,0
slow,29.927,0
slow,29.986,0
slow,29.84,0
slow,29.921,0
slow,29.954,0
slow,29.97,0
slow,29.906,0
slow,29.958,0
slow,29.823,0
slow,29.94,0
slow,29.894,0
slow,29.967,0
slow,29.968,0
slow,29.848,0
slow,30.0,0
slow,29.809,0
slow,29.912,0
slow,29.854,0
slow,29.803,0
slow,29.935,0
slow,29.933,0
slow,29.906,0
slow,29.973,0
slow,29.975,0
slow,29.92,0
slow,29.987,0
slow,29.952,0
slow,29.862,0
slow,29.947,0
slow,29.994,0
slow,29.78,0
slow,29.965,0
slow,29.954,0
slow,29.799,0
slow,29.902,0
slow,29.91,0
slow,29.88,0
slow,29.96,0
slow,29.995,0
slow,29.965,0
slow,29.911,0
slow,29.977,0
slow,29.851,0
slow,29.977,0
slow,29.838,0
slow,29.982,0
slow,29.963,0
slow,29.976,0
slow,29.726,0
slow,29.99,0
slow,29.976,0
slow,29.96,0
slow,29.854,0
slow,29.952,0
slow,29.85,0
slow,29.9,0
slow,0.806,1
slow,29.048,0
slow,29.965,0
slow,29.988,0
slow,29.971,0
slow,29.969,0
slow,29.915,0
slow,30.0,0
slow,29.832,0
slow,29.987,0
slow,29.917,0
slow,29.994,0
slow,29.973,0
slow,29.992,0
slow,29.791,0
slow,29.936,0
slow,29.844,0
slow,29.898,0
slow,29.979,0
slow,29.995,0
slow,0.11500000000000002,1
slow,29.823,0
slow,29.986,0
slow,29.913,0
slow,29.996,0
slow,29.943,0
slow,29.875,0
slow,29.873,0
slow,29.993,0
slow,29.803,0
slow,29.991,0
slow,29.999,0
slow,29.838,0
slow,29.92,0
slow,29.917,0
slow,29.933,0
slow,29.992,0
slow,29.982,0
slow,29.827,0
slow,29.769,0
slow,29.968,0
slow,29.932,0
slow,29.928,0
slow,29.982,0
slow,29.88,0
slow,29.963,0
slow,29.782,0
slow,29.936,0
slow,29.908,0
slow,29.881,0
slow,29.998,0
slow,29.994,0
slow,29.865,0
slow,29.992,0
slow,29.966,0
slow,29.919,0
slow,29.954,0
slow,29.719,0
slow,29.98,0
slow,29.781,0
slow,29.938,0
slow,29.985,0
slow,29.991,0
slow,29.978,0
