trial,fast_loading_rate,slow_loading_rate,fast_completed_clusters,slow_completed_clusters
0,0.39032657458770714,0.49668056801088767,0,0
1,0.3420279097259282,0.4978684742553696,0,0
2,0.35471374470752437,0.4333876901982947,0,0
3,0.374612233721372,0.4595679916947759,0,0
4,0.4133809427275814,0.5840787818582882,0,0
5,0.37327858155933313,0.442512592176314,0,0
6,0.3688903491294582,0.4791942559796425,0,0
7,0.3703095851905758,0.5122370524235365,0,0
8,0.3759125070526004,0.5218383769012291,0,0
9,0.38369020057693604,0.4882603388001172,0,0
10,0.3715725435817774,0.5017541297327455,0,0
11,0.3785359176404768,0.5488916685916223,0,0
12,0.37391021553645487,0.5187632495466943,0,0
13,0.37232708226309086,0.566917977808501,0,0
14,0.34187279557285066,0.44246403866932127,0,0
15,0.3649310741913325,0.5410442917579417,0,0
16,0.3576162702105812,0.4894082667696864,0,0
17,0.3625059557066379,0.5288440274231476,0,0
18,0.34914004590547165,0.47081366038081995,0,0
19,0.34927541846307975,0.4937330061016709,0,0
20,0.3557945347072433,0.4765943451499055,0,0
21,0.3685069054357726,0.5371643114848723,0,0
22,0.37847550014014075,0.5268276927292703,0,0
23,0.38839659297718043,0.494767237404492,0,0
24,0.34836032291796215,0.4144455254104784,0,0
25,0.38678243047307603,0.48115338400123164,0,0
26,0.3487900610807948,0.4860830555486473,0,0
27,0.37354742460271595,0.5426991699328809,0,0
28,0.3309884886153469,0.4019464545548246,0,0
29,0.37241457397696465,0.48487825910825677,0,0
30,0.3534113586685095,0.39737066253664466,0,0
31,0.3622061883752359,0.39079286920262746,0,0
32,0.3710038661672854,0.451049068101117,0,0
33,0.3758425599968973,0.5636990306250311,0,0
34,0.3652281466228757,0.5526865001876935,0,0
35,0.37443860458052924,0.46092112542694963,0,0
36,0.36438213948652987,0.4956640577891136,0,0
37,0.3454256120392074,0.5182662763001389,0,0
38,0.36415647908594195,0.4237187696531919,0,0
39,0.35571716844851053,0.4645123943012308,0,0
40,0.35510367104762963,0.4610639656790205,0,0
41,0.3951807432880372,0.49978362954572475,0,0
42,0.3556994640319111,0.40918962664093783,0,0
43,0.33920348922933385,0.43911456390333115,0,0
44,0.3753833078308233,0.48417035218051296,0,0
45,0.3520851685356874,0.47243030532939656,0,0
46,0.3718216420063314,0.4762635625148448,0,0
47,0.3432831790739499,0.4696433997608551,0,0
48,0.3528087146644765,0.44427299550342525,0,0
49,0.4036968806500063,0.5792380723033119,0,0
50,0.3946228242828198,0.5100913511677518,0,0
51,0.37607320152144297,0.515117560253131,0,0
52,0.3591879194715375,0.48514728165915955,0,0
53,0.3523139604055814,0.44633453912634735,0,0
54,0.3654129055292721,0.5101526848565463,0,0
55,0.3859385100328794,0.4733915105816777,0,0
56,0.37131620987285174,0.4169663294923964,0,0
57,0.34735658304052563,0.3827150143513869,0,0
58,0.389379297740966,0.5071534498508612,0,0
59,0.3562046012977049,0.4453400179116329,0,0
60,0.35463012653824677,0.3897376608645864,0,0
61,0.3776509957584828,0.547166257884868,0,0
62,0.35474297930804255,0.47240822837668617,0,0
63,0.37158210235777034,0.4937062506336076,0,0
64,0.3687781625489883,0.5642364988283077,0,0
65,0.3652998699035237,0.4638888446306666,0,0
66,0.34718477321860064,0.42894088376188577,0,0
67,0.36907926214624354,0.5436489225894015,0,0
68,0.3705390218491367,0.5129548415521157,0,0
69,0.3379627386514983,0.46992073152329894,0,0
70,0.33557852837340363,0.42143514606785004,0,0
71,0.36546147603644386,0.4865841366088475,0,0
72,0.3725166879182673,0.46512222770767053,0,0
73,0.35142464837623066,0.4383322410488333,0,0
74,0.37915236092178617,0.4389881396136275,1,1
75,0.36259397516502645,0.5276243337326569,0,0
76,0.34166616432340646,0.44407970744231307,0,0
77,0.37942891035935844,0.5303424879787855,0,0
78,0.36384011695034246,0.4601665312855552,0,0
79,0.37477095063476185,0.5360825970655014,0,0
80,0.369867578236871,0.5803785125770844,0,0
81,0.33649622107390087,0.38611466770532843,0,0
82,0.3523841985737519,0.4715853260615077,0,0
83,0.36252171326589533,0.532789243107068,0,0
84,0.36677152962738546,0.4912325966679454,0,0
85,0.3756235774163841,0.5131473096291472,0,0
86,0.3533631776342361,0.4717645116265601,0,0
87,0.36376512201830025,0.45912870750441925,0,0
88,0.35980896431908604,0.5230688947577278,0,0
89,0.3505766048919057,0.46530635255281894,0,0
90,0.35518514734445006,0.4649059138515099,0,0
91,0.3497755288837112,0.4760451526522047,0,0
92,0.3614306027595049,0.4909418687617517,0,0
93,0.345191597194372,0.4192706658088241,0,0
94,0.364830244009795,0.48196897905761205,0,0
95,0.35224878592066133,0.4232427241293024,0,0
96,0.34377352550052365,0.4638689895757331,0,0
97,0.3746646383540053,0.4869345935576419,0,0
98,0.33615267954711925,0.4534093961097163,0,0
99,0.3820831338678943,0.5575653324960683,0,0
100,0.3568306549186495,0.510593704144302,0,0
101,0.34590801002565286,0.4461678067446684,0,0
102,0.34023327944332493,0.44326771783786967,0,0
103,0.3514864160250042,0.421909649550134,0,0
104,0.35917117453010405,0.4614063886076991,0,0
105,0.37120410266044956,0.539375963145794,0,0
106,0.37701040513038464,0.4932715439220914,0,0
107,0.3734448170211735,0.48612847572115925,0,0
108,0.35009527746598934,0.41093614089504626,0,0
109,0.380004536796541,0.4967294306279513,0,0
110,0.33577301021736616,0.39463025150610065,0,0
111,0.3687921959119045,0.5278373639434619,0,0
112,0.38144238451565116,0.5569609015081411,0,0
113,0.3602020999569078,0.44850826516373843,0,0
114,0.3602207216673037,0.425090128289618,0,0
115,0.36776575696650937,0.49608227747111044,0,0
116,0.3639040750895717,0.4810531340888602,0,0
117,0.3527085264236618,0.46071784815637784,0,0
118,0.37268326441042277,0.5382087632446186,0,0
119,0.34639172304373744,0.3985141498592526,0,0
120,0.36132201406946507,0.49120831916837915,0,0
121,0.3564354056786456,0.47585035481034765,0,0
122,0.38274959456074953,0.4473937608024947,0,0
123,0.37032769742406657,0.6116686332258148,0,0
124,0.35683932220464953,0.454130848781098,0,0
125,0.35525866990493427,0.5606893836258564,0,0
126,0.3353824185676757,0.38570662250903,0,0
127,0.3718094349780543,0.549101502089755,0,0
128,0.37778027183321683,0.4878015655025436,0,0
129,0.3524404476182852,0.5018742840743329,0,0
130,0.367364396775649,0.49267573597511216,0,0
131,0.36598584945313206,0.4670580686716441,0,0
132,0.3492401522220412,0.49820963458735434,0,0
133,0.37514187258480547,0.4318781250383097,0,0
134,0.36945346431016546,0.3980078217331595,0,0
135,0.3366682837078194,0.4564877803403533,0,0
136,0.3499538712876671,0.373459466999293,0,0
137,0.34315045682653533,0.4595091865811085,0,0
138,0.37594282156101777,0.5124563956293571,1,1
139,0.3359024537878952,0.4384404186481561,0,0
140,0.3668481619776287,0.5206411613762896,0,0
141,0.3759602080224411,0.5219092393122793,0,0
142,0.35226446573943804,0.5306497210857408,0,0
143,0.3481011343531293,0.4540128359238338,0,0
144,0.3512307208186627,0.4734526332050848,0,0
145,0.3889033521984331,0.5186662879830273,0,0
146,0.3404359427081616,0.510262929930505,0,0
147,0.3663837182834584,0.4779327720552118,0,0
148,0.3733843524602598,0.4941409118899287,0,0
149,0.3466912287732882,0.5092712711061154,0,0
150,0.36811791959623363,0.4852091245051149,0,0
151,0.3603464633092912,0.45991971524239617,0,0
152,0.3544133476931499,0.36325497495237613,0,0
153,0.37411789855612554,0.5270785718991533,0,0
154,0.3649030872221459,0.5075765146465017,0,0
155,0.3473174757524511,0.5428761340686705,0,0
156,0.35617259709219695,0.41126184408080135,0,0
157,0.3524272844210863,0.45290007845633085,1,1
158,0.3594508707842614,0.4961993329128944,0,0
159,0.36120108701975795,0.5252359011400642,0,0
160,0.35159487424607505,0.5113880863483189,0,0
161,0.35564840515256435,0.48165537174682527,0,0
162,0.3774085069037092,0.5632241684594419,0,0
163,0.36540772086368634,0.5554851593725374,0,0
164,0.3703370341154866,0.4809423552947223,0,0
165,0.3645052619982714,0.49603492613181643,0,0
166,0.3602358186345356,0.5559601814608683,0,0
167,0.39096089577195237,0.509861115087773,0,0
168,0.366480695207283,0.47952393446681896,0,0
169,0.35559262536866143,0.4800316450834785,0,0
170,0.34750400357097533,0.463776452189979,0,0
171,0.3517629390552557,0.44504142170609384,0,0
172,0.36233212593828057,0.3864319092325985,0,0
173,0.3566637023002528,0.48213689323706177,0,0
174,0.38354950157426515,0.4955233459913444,0,0
175,0.38128532877035326,0.4917759200822047,0,0
176,0.34429149515347035,0.4440150802453857,0,0
177,0.3476898078957902,0.4794036396758017,0,0
178,0.393921437139122,0.5073710578518131,0,0
179,0.3714583413305661,0.4667241891604945,0,0
180,0.34637717349994546,0.44447433173999684,0,0
181,0.3675081230749555,0.46453754144692994,0,0
182,0.3484777880533585,0.44828902912108504,0,0
183,0.35098289598822774,0.4886246467785682,0,0
184,0.35390931181211727,0.42936203357157865,0,0
185,0.3787719656216382,0.5139907082911677,0,0
186,0.3730631787171035,0.5206434052329456,0,0
187,0.3594651667033766,0.4745860877619634,0,0
188,0.350725081096126,0.4109367255851204,0,0
189,0.37914887915846407,0.4969129546510409,0,0
190,0.3859736760425392,0.5401550121000298,0,0
191,0.3683460065060373,0.5259054858477441,0,0
192,0.3516400802880959,0.4712191386175846,0,0
193,0.3885098854876645,0.5030435270736433,0,0
194,0.37684831207940306,0.5610217185583188,0,0
195,0.38690228015525463,0.501579977596478,0,0
196,0.3475222322091298,0.4473705313827736,0,0
197,0.37540153104087537,0.5665443404705428,0,0
198,0.36381461462342557,0.5651518708651437,0,0
199,0.37090567819131337,0.5595451338136215,0,0
